{
  "vue3_learning_tips": {
    "composition_api": {
      "gentle_ref_advice": {
        "enabled": true,
        "severity": "info",
        "message": "💡 Ref vs Reactive: Với số, string, boolean → dùng ref(). Với object → có thể dùng reactive() hoặc ref() đều OK!"
      },
      "cleanup_education": {
        "enabled": false,
        "message": "🧹 Advanced tip: onUnmounted dùng để cleanup timers, event listeners. Chưa cần lo về điều này khi mới học."
      },
      "reactivity_tips": {
        "enabled": true,
        "severity": "info",
        "message": "⚡ Vue's reactivity system tự động track dependencies. Khá magic phải không!"
      }
    },
    "template": {
      "v_for_key_tip": {
        "enabled": true,
        "severity": "info",
        "message": "🔑 Pro tip: :key trong v-for giúp Vue biết item nào thay đổi. Dùng unique value như id hoặc index."
      },
      "event_handling_praise": {
        "enabled": true,
        "pattern": "@click|@input|@submit",
        "severity": "info",
        "message": "🎯 Event handling làm tốt! UI đang interactive rồi đấy."
      },
      "conditional_rendering": {
        "enabled": true,
        "pattern": "v-if|v-show",
        "severity": "info",
        "message": "🔀 v-if vs v-show: v-if cho điều kiện ít thay đổi, v-show cho toggle thường xuyên."
      }
    },
    "script": {
      "script_setup_praise": {
        "enabled": true,
        "pattern": "<script setup>",
        "severity": "info",
        "message": "✨ Script setup là cách viết Vue 3 gọn gàng nhất! Đang làm tốt đấy."
      },
      "import_organization": {
        "enabled": false,
        "message": "📚 Tip nhỏ: import Vue stuff trước, libraries giữa, components cuối. Nhưng không bắt buộc!"
      },
      "defineProps_usage": {
        "enabled": true,
        "pattern": "defineProps",
        "severity": "info",
        "message": "📥 Đang dùng defineProps để nhận data từ parent - Vue concept quan trọng!"
      }
    }
  },
  "beginner_friendly": {
    "pinia_encouragement": {
      "enabled": true,
      "pattern": "useStore|defineStore",
      "severity": "info",
      "message": "🏪 Pinia là state management hiện đại của Vue! Đang học tool tốt đấy."
    },
    "router_basics": {
      "enabled": true,
      "pattern": "router-link|useRouter",
      "severity": "info",
      "message": "🧭 Vue Router giúp tạo SPA. Navigation system đang implement khá tốt!"
    },
    "lifecycle_hooks": {
      "enabled": true,
      "pattern": "onMounted|onUnmounted|onUpdated",
      "severity": "info",
      "message": "🔄 Lifecycle hooks giúp control component behavior. Đang dùng đúng cách!"
    },
    "api_integration": {
      "enabled": true,
      "pattern": "axios|fetch",
      "severity": "info",
      "message": "🌐 Tích hợp API thành công! Full-stack developer in the making!"
    }
  },
  "celebration_triggers": {
    "first_component": {
      "pattern": "\\.vue$",
      "message": "🎉 Component Vue đầu tiên! Bước đầu tuyệt vời!"
    },
    "using_props": {
      "pattern": "props\\.|defineProps",
      "message": "📥 Đang dùng props để truyền data - component communication!"
    },
    "state_management": {
      "pattern": "useState|useStore",
      "message": "📊 Đang quản lý state - advanced skill rồi đấy!"
    },
    "computed_properties": {
      "pattern": "computed\\(",
      "message": "⚡ Computed properties giúp optimize performance. Smart move!"
    },
    "watchers": {
      "pattern": "watch\\(|watchEffect",
      "message": "👀 Watchers giúp respond to data changes. Reactive programming!"
    }
  },
  "common_mistakes_gentle": {
    "missing_key_in_v_for": {
      "pattern": "v-for(?!.*:key)",
      "severity": "info",
      "message": "🔑 Tip: Thêm :key vào v-for để Vue render hiệu quả hơn nhé!"
    },
    "direct_dom_manipulation": {
      "pattern": "document\\.|getElementById|querySelector",
      "severity": "info",
      "message": "🎯 Trong Vue, nên dùng refs thay vì direct DOM manipulation. Nhưng học từ từ thôi!"
    }
  },
  "progressive_learning": {
    "beginner_focus": [
      "template syntax",
      "data binding", 
      "event handling",
      "component basics"
    ],
    "intermediate_topics": [
      "composition api",
      "state management",
      "routing",
      "lifecycle hooks"
    ],
    "advanced_concepts": [
      "custom directives",
      "render functions",
      "plugin development",
      "performance optimization"
    ]
  }
} 