{
  "headers": [
    {
      "source": "/api/(.*)",
      "headers": [
        { "key": "Access-Control-Allow-Origin", "value": "https://simplecommerce-mdm.nammai.id.vn" },
        { "key": "Access-Control-Allow-Credentials", "value": "true" },
        { "key": "Access-Control-Allow-Methods", "value": "GET, POST, PUT, DELETE, PATCH, OPTIONS" },
        { "key": "Access-Control-Allow-Headers", "value": "Origin, X-Requested-With, Content-Type, Accept, Authorization, X-XSRF-TOKEN" }
      ]
    }
  ],
  "rewrites": [
    {
      "source": "/api/(.*)",
      "destination": "https://sc-mdm-api.nammai.id.vn/api/$1"
    }
  ]
}
