{
	"info": {
		"_postman_id": "product-variant-testing",
		"name": "Product & Variant Management",
		"description": "Test collection for Product and Variant CRUD operations",
		"schema": "https://schema.getpostman.com/json/collection/v2.1.0/collection.json"
	},
	"item": [
		{
			"name": "🔐 Authentication",
			"item": [
				{
					"name": "Login Seller",
					"request": {
						"method": "POST",
						"header": [
							{
								"key": "Content-Type",
								"value": "application/json"
							}
						],
						"body": {
							"mode": "raw",
							"raw": "{\n  \"email\": \"seller@example.com\",\n  \"password\": \"password123\"\n}"
						},
						"url": {
							"raw": "{{base_url}}/api/v1/auth/login",
							"host": [
								"{{base_url}}"
							],
							"path": [
								"api",
								"v1",
								"auth",
								"login"
							]
						}
					},
					"response": []
				},
				{
					"name": "Login Admin",
					"request": {
						"method": "POST",
						"header": [
							{
								"key": "Content-Type",
								"value": "application/json"
							}
						],
						"body": {
							"mode": "raw",
							"raw": "{\n  \"email\": \"admin@example.com\",\n  \"password\": \"password123\"\n}"
						},
						"url": {
							"raw": "{{base_url}}/api/v1/auth/login",
							"host": [
								"{{base_url}}"
							],
							"path": [
								"api",
								"v1",
								"auth",
								"login"
							]
						}
					},
					"response": []
				}
			]
		},
		{
			"name": "🏪 Shop Management",
			"item": [
				{
					"name": "Get My Shop",
					"request": {
						"method": "GET",
						"header": [
							{
								"key": "Authorization",
								"value": "Bearer {{seller_token}}"
							}
						],
						"url": {
							"raw": "{{base_url}}/api/v1/shops/my-shop",
							"host": [
								"{{base_url}}"
							],
							"path": [
								"api",
								"v1",
								"shops",
								"my-shop"
							]
						}
					},
					"response": []
				}
			]
		},
		{
			"name": "📦 Product Management",
			"item": [
				{
					"name": "Create Product with Variants",
					"request": {
						"method": "POST",
						"header": [
							{
								"key": "Authorization",
								"value": "Bearer {{seller_token}}"
							}
						],
						"body": {
							"mode": "formdata",
							"formdata": [
								{
									"key": "product",
									"type": "text",
									"value": "{\n  \"name\": \"Test Product with Variants\",\n  \"description\": \"A test product to test variant deletion\",\n  \"basePrice\": 100000,\n  \"categoryId\": 1,\n  \"weightGrams\": 500,\n  \"dimensions\": \"10x10x5cm\",\n  \"attributes\": \"{\\\"color\\\": \\\"blue\\\", \\\"size\\\": \\\"medium\\\"}\",\n  \"variants\": [\n    {\n      \"sku\": \"TEST-VAR-001\",\n      \"options\": \"{\\\"color\\\": \\\"blue\\\", \\\"size\\\": \\\"S\\\"}\",\n      \"finalPrice\": 95000,\n      \"compareAtPrice\": 100000,\n      \"stockQuantity\": 10,\n      \"reorderThreshold\": 2,\n      \"weightGrams\": 450,\n      \"dimensions\": \"9x9x4cm\"\n    },\n    {\n      \"sku\": \"TEST-VAR-002\",\n      \"options\": \"{\\\"color\\\": \\\"blue\\\", \\\"size\\\": \\\"M\\\"}\",\n      \"finalPrice\": 100000,\n      \"compareAtPrice\": 110000,\n      \"stockQuantity\": 15,\n      \"reorderThreshold\": 3,\n      \"weightGrams\": 500,\n      \"dimensions\": \"10x10x5cm\"\n    },\n    {\n      \"sku\": \"TEST-VAR-003\",\n      \"options\": \"{\\\"color\\\": \\\"blue\\\", \\\"size\\\": \\\"L\\\"}\",\n      \"finalPrice\": 105000,\n      \"compareAtPrice\": 120000,\n      \"stockQuantity\": 8,\n      \"reorderThreshold\": 2,\n      \"weightGrams\": 550,\n      \"dimensions\": \"11x11x6cm\"\n    }\n  ]\n}"
								},
								{
									"key": "images",
									"type": "file",
									"src": []
								}
							]
						},
						"url": {
							"raw": "{{base_url}}/api/v1/seller/products",
							"host": [
								"{{base_url}}"
							],
							"path": [
								"api",
								"v1",
								"seller",
								"products"
							]
						}
					},
					"response": []
				},
				{
					"name": "Get Seller Products",
					"request": {
						"method": "GET",
						"header": [
							{
								"key": "Authorization",
								"value": "Bearer {{seller_token}}"
							}
						],
						"url": {
							"raw": "{{base_url}}/api/v1/seller/products?page=0&size=10&sortBy=createdAt&sortDirection=desc",
							"host": [
								"{{base_url}}"
							],
							"path": [
								"api",
								"v1",
								"seller",
								"products"
							],
							"query": [
								{
									"key": "page",
									"value": "0"
								},
								{
									"key": "size",
									"value": "10"
								},
								{
									"key": "sortBy",
									"value": "createdAt"
								},
								{
									"key": "sortDirection",
									"value": "desc"
								}
							]
						}
					},
					"response": []
				},
				{
					"name": "Get Product by ID",
					"request": {
						"method": "GET",
						"header": [
							{
								"key": "Authorization",
								"value": "Bearer {{seller_token}}"
							}
						],
						"url": {
							"raw": "{{base_url}}/api/v1/seller/products/{{product_id}}",
							"host": [
								"{{base_url}}"
							],
							"path": [
								"api",
								"v1",
								"seller",
								"products",
								"{{product_id}}"
							]
						}
					},
					"response": []
				}
			]
		},
		{
			"name": "🔄 Variant Management",
			"item": [
				{
					"name": "Delete Variant (SUCCESS CASE)",
					"request": {
						"method": "DELETE",
						"header": [
							{
								"key": "Authorization",
								"value": "Bearer {{seller_token}}"
							}
						],
						"url": {
							"raw": "{{base_url}}/api/v1/seller/products/{{product_id}}/variants/{{variant_id}}",
							"host": [
								"{{base_url}}"
							],
							"path": [
								"api",
								"v1",
								"seller",
								"products",
								"{{product_id}}",
								"variants",
								"{{variant_id}}"
							]
						}
					},
					"response": []
				},
				{
					"name": "Delete Variant (FAILURE - Only One Variant)",
					"request": {
						"method": "DELETE",
						"header": [
							{
								"key": "Authorization",
								"value": "Bearer {{seller_token}}"
							}
						],
						"url": {
							"raw": "{{base_url}}/api/v1/seller/products/{{product_id}}/variants/{{last_variant_id}}",
							"host": [
								"{{base_url}}"
							],
							"path": [
								"api",
								"v1",
								"seller",
								"products",
								"{{product_id}}",
								"variants",
								"{{last_variant_id}}"
							]
						}
					},
					"response": []
				},
				{
					"name": "Delete Variant (FAILURE - Unauthorized)",
					"request": {
						"method": "DELETE",
						"header": [
							{
								"key": "Authorization",
								"value": "Bearer {{other_seller_token}}"
							}
						],
						"url": {
							"raw": "{{base_url}}/api/v1/seller/products/{{product_id}}/variants/{{variant_id}}",
							"host": [
								"{{base_url}}"
							],
							"path": [
								"api",
								"v1",
								"seller",
								"products",
								"{{product_id}}",
								"variants",
								"{{variant_id}}"
							]
						}
					},
					"response": []
				}
			]
		},
		{
			"name": "✅ Verification Tests",
			"item": [
				{
					"name": "Verify Variant Deleted (Get Product)",
					"request": {
						"method": "GET",
						"header": [
							{
								"key": "Authorization",
								"value": "Bearer {{seller_token}}"
							}
						],
						"url": {
							"raw": "{{base_url}}/api/v1/seller/products/{{product_id}}",
							"host": [
								"{{base_url}}"
							],
							"path": [
								"api",
								"v1",
								"seller",
								"products",
								"{{product_id}}"
							]
						}
					},
					"response": []
				},
				{
					"name": "Verify Variant Deleted (Admin View)",
					"request": {
						"method": "GET",
						"header": [
							{
								"key": "Authorization",
								"value": "Bearer {{admin_token}}"
							}
						],
						"url": {
							"raw": "{{base_url}}/api/v1/admin/products/{{product_id}}",
							"host": [
								"{{base_url}}"
							],
							"path": [
								"api",
								"v1",
								"admin",
								"products",
								"{{product_id}}"
							]
						}
					},
					"response": []
				}
			]
		}
	],
	"event": [
		{
			"listen": "test",
			"script": {
				"exec": [
					"// Test script for variant deletion",
					"pm.test(\"Status code is 200\", function () {",
					"    pm.response.to.have.status(200);",
					"});",
					"",
					"pm.test(\"Response has correct structure\", function () {",
					"    const jsonData = pm.response.json();",
					"    pm.expect(jsonData).to.have.property('statusCode');",
					"    pm.expect(jsonData).to.have.property('message');",
					"    pm.expect(jsonData).to.have.property('data');",
					"});",
					"",
					"// For variant deletion success",
					"if (pm.request.url.path.includes('/variants/')) {",
					"    pm.test(\"Variant deletion successful\", function () {",
					"        const jsonData = pm.response.json();",
					"        pm.expect(jsonData.message).to.include('deleted');",
					"    });",
					"}",
					"",
					"// For product retrieval",
					"if (pm.request.url.path.includes('/products/') && pm.request.method === 'GET') {",
					"    pm.test(\"Product has variants\", function () {",
					"        const jsonData = pm.response.json();",
					"        if (jsonData.data && jsonData.data.variants) {",
					"            pm.expect(jsonData.data.variants).to.be.an('array');",
					"            console.log('Product variants count:', jsonData.data.variants.length);",
					"        }",
					"    });",
					"}"
				],
				"type": "text/javascript"
			}
		}
	],
	"variable": [
		{
			"key": "base_url",
			"value": "http://localhost:8080",
			"type": "string"
		},
		{
			"key": "seller_token",
			"value": "",
			"type": "string"
		},
		{
			"key": "admin_token",
			"value": "",
			"type": "string"
		},
		{
			"key": "product_id",
			"value": "",
			"type": "string"
		},
		{
			"key": "variant_id",
			"value": "",
			"value": "",
			"type": "string"
		},
		{
			"key": "last_variant_id",
			"value": "",
			"type": "string"
		}
	]
}
